<?xml version="1.0" encoding="UTF-8"?>
<reportUnit exportedWithPermissions="true"><folder>/public/Samples/FreshDelivery_Demo</folder><name>Internal1</name><version>26</version><label>Internal1</label><description></description><creationDate>2014-10-24T13:56:40.113-05:00</creationDate><updateDate>2014-10-29T01:39:25.335-05:00</updateDate><mainReport><localResource xmlns:xsi="http://www.w3.org/2001/XMLSchema-instance" exportedWithPermissions="false" dataFile="MainJrxml.data" xsi:type="fileResource"><folder>/public/Samples/FreshDelivery_Demo/Internal1_files</folder><name>MainJrxml</name><version>52</version><label>Main Jrxml</label><description></description><creationDate>2014-10-24T13:56:40.113-05:00</creationDate><updateDate>2014-10-29T01:39:25.117-05:00</updateDate><fileType>jrxml</fileType></localResource></mainReport><dataSource><uri>/public/Samples/Data_Sources/FoodmartDataSourceJNDI</uri></dataSource><alwaysPromptControls>false</alwaysPromptControls><controlsLayout>1</controlsLayout></reportUnit>