<?xml version="1.0" encoding="UTF-8"?>
<inputControl exportedWithPermissions="true"><folder>/public/Samples/Resources/Input_Controls</folder><name>SupplyTime</name><version>21</version><label>SupplyTime</label><description></description><creationDate>2014-10-24T14:07:31.164-05:00</creationDate><updateDate>2014-09-22T13:47:55.800-05:00</updateDate><type>6</type><mandatory>true</mandatory><readOnly>false</readOnly><visible>true</visible><listOfValues><uri>/public/Samples/Resources/Input_Controls/SupplyTimeList</uri></listOfValues></inputControl>