<?xml version="1.0" encoding="UTF-8"?>
<reportUnit exportedWithPermissions="false"><folder>/public/Samples/FreshDelivery_Demo</folder><name>21.5GoGreenChart</name><version>0</version><label>21.5 GoGreen Chart</label><description>Chart for Go Green page.</description><creationDate>2014-07-31T12:11:27.714-05:00</creationDate><updateDate>2014-07-28T12:58:17.528-05:00</updateDate><mainReport><localResource xmlns:xsi="http://www.w3.org/2001/XMLSchema-instance" exportedWithPermissions="false" dataFile="MainJrxml.data" xsi:type="fileResource"><folder>/public/Samples/FreshDelivery_Demo/21.5GoGreenChart_files</folder><name>MainJrxml</name><version>0</version><label>Main Jrxml</label><description></description><creationDate>2014-07-31T12:11:27.714-05:00</creationDate><updateDate>2014-07-30T11:47:58.132-05:00</updateDate><fileType>jrxml</fileType></localResource></mainReport><dataSource><uri>/public/Samples/Data_Sources/FoodmartDataSourceJNDI</uri></dataSource><inputControl><localResource xmlns:xsi="http://www.w3.org/2001/XMLSchema-instance" exportedWithPermissions="false" xsi:type="inputControl"><folder>/public/Samples/FreshDelivery_Demo/21.5GoGreenChart_files</folder><name>city</name><version>0</version><label>city</label><description></description><creationDate>2014-07-31T12:11:27.714-05:00</creationDate><updateDate>2014-07-30T11:47:58.132-05:00</updateDate><type>2</type><mandatory>false</mandatory><readOnly>false</readOnly><visible>true</visible><dataType><localResource exportedWithPermissions="false" xsi:type="dataType"><folder>/public/Samples/FreshDelivery_Demo/21.5GoGreenChart_files/city_files</folder><name>DataType</name><version>0</version><label>DataType</label><description></description><creationDate>2014-07-31T12:11:27.714-05:00</creationDate><updateDate>2014-07-30T11:47:58.132-05:00</updateDate><type>1</type><strictMin>false</strictMin><strictMax>false</strictMax></localResource></dataType></localResource></inputControl><alwaysPromptControls>false</alwaysPromptControls><controlsLayout>1</controlsLayout></reportUnit>