<?xml version="1.0" encoding="UTF-8"?>
<reportUnit exportedWithPermissions="false"><folder>/public/Samples/FreshDelivery_Demo</folder><name>21.7GoGreenMap</name><version>0</version><label>21.7 GoGreen Map</label><description></description><creationDate>2014-07-31T12:11:28.193-05:00</creationDate><updateDate>2014-07-29T09:27:17.809-05:00</updateDate><mainReport><localResource xmlns:xsi="http://www.w3.org/2001/XMLSchema-instance" exportedWithPermissions="false" dataFile="MainJrxml.data" xsi:type="fileResource"><folder>/public/Samples/FreshDelivery_Demo/21.7GoGreenMap_files</folder><name>MainJrxml</name><version>0</version><label>Main Jrxml</label><description></description><creationDate>2014-07-31T12:11:28.193-05:00</creationDate><updateDate>2014-07-30T11:45:31.636-05:00</updateDate><fileType>jrxml</fileType></localResource></mainReport><dataSource><uri>/public/Samples/Data_Sources/FoodmartDataSourceJNDI</uri></dataSource><alwaysPromptControls>false</alwaysPromptControls><controlsLayout>1</controlsLayout></reportUnit>