<?xml version="1.0" encoding="UTF-8"?>
<reportUnit exportedWithPermissions="false"><folder>/public/Samples/FreshDelivery_Demo</folder><name>HealthyChoiceProducts</name><version>0</version><label>21.4 HealthyChoice Products</label><description>Bubble Chart for HealthyChoice products.</description><creationDate>2014-07-31T12:11:28.679-05:00</creationDate><updateDate>2014-07-21T10:36:25.478-05:00</updateDate><mainReport><localResource xmlns:xsi="http://www.w3.org/2001/XMLSchema-instance" exportedWithPermissions="false" dataFile="MainJrxml.data" xsi:type="fileResource"><folder>/public/Samples/FreshDelivery_Demo/HealthyChoiceProducts_files</folder><name>MainJrxml</name><version>0</version><label>Main Jrxml</label><description></description><creationDate>2014-07-31T12:11:28.679-05:00</creationDate><updateDate>2014-07-30T11:48:33.097-05:00</updateDate><fileType>jrxml</fileType></localResource></mainReport><dataSource><uri>/public/Samples/Data_Sources/FoodmartDataSourceJNDI</uri></dataSource><inputControl><localResource xmlns:xsi="http://www.w3.org/2001/XMLSchema-instance" exportedWithPermissions="false" xsi:type="inputControl"><folder>/public/Samples/FreshDelivery_Demo/HealthyChoiceProducts_files</folder><name>product</name><version>0</version><label>product</label><description></description><creationDate>2014-07-31T12:11:28.679-05:00</creationDate><updateDate>2014-07-30T11:48:33.097-05:00</updateDate><type>1</type><mandatory>false</mandatory><readOnly>false</readOnly><visible>true</visible></localResource></inputControl><alwaysPromptControls>false</alwaysPromptControls><controlsLayout>1</controlsLayout></reportUnit>