<?xml version="1.0" encoding="UTF-8"?>
<reportUnit exportedWithPermissions="true"><folder>/public/Samples/FreshDelivery_Demo</folder><name>Brands</name><version>8</version><label>21.1 Brands</label><description>Brand Master Report</description><creationDate>2014-10-24T14:07:30.917-05:00</creationDate><updateDate>2014-07-23T10:36:52.387-05:00</updateDate><mainReport><localResource xmlns:xsi="http://www.w3.org/2001/XMLSchema-instance" exportedWithPermissions="false" dataFile="main_jrxml.data" xsi:type="fileResource"><folder>/public/Samples/FreshDelivery_Demo/Brands_files</folder><name>main_jrxml</name><version>1</version><label>main_jrxml</label><creationDate>2014-10-24T14:07:30.917-05:00</creationDate><updateDate>2014-07-30T11:49:23.328-05:00</updateDate><fileType>jrxml</fileType></localResource></mainReport><dataSource><uri>/public/Samples/Data_Sources/FoodmartDataSourceJNDI</uri></dataSource><alwaysPromptControls>true</alwaysPromptControls><controlsLayout>1</controlsLayout></reportUnit>